variant,ref_aa,position,alt_aa,type,frequency,HGVS_protein,UniProt,Gene,CADD_score,REVEL_score,SpliceAI_score,ClinVar_significance,Source
p.R125C,R,125,C,missense,63,NP_000762.2:p.R125C,P11712,CYP2C9,,,,,
p.R433W,R,433,W,missense,48,NP_000762.2:p.R433W,P11712,CYP2C9,,,,,
p.D397A,D,397,A,missense,41,NP_000762.2:p.D397A,P11712,CYP2C9,,,,,
p.K273fs(delA),K,273,fs,frameshift,35,p.K273fs(delA),P11712,CYP2C9,,,,,
p.R124W,R,124,W,missense,35,NP_000762.2:p.R124W,P11712,CYP2C9,,,,,
p.G98V,G,98,V,missense,32,NP_000762.2:p.G98V,P11712,CYP2C9,,,,,
p.R150C,R,150,C,missense,26,NP_000762.2:p.R150C,P11712,CYP2C9,,,,,
p.F110S,F,110,S,missense,23,NP_000762.2:p.F110S,P11712,CYP2C9,,,,,
p.K119R,K,119,R,missense,22,NP_000762.2:p.K119R,P11712,CYP2C9,,,,,
p.N204H,N,204,H,missense,22,NP_000762.2:p.N204H,P11712,CYP2C9,,,,,
p.R124Q,R,124,Q,missense,22,NP_000762.2:p.R124Q,P11712,CYP2C9,,,,,
p.S343R,S,343,R,missense,19,NP_000762.2:p.S343R,P11712,CYP2C9,,,,,
p.Q214H,Q,214,H,missense,19,NP_000762.2:p.Q214H,P11712,CYP2C9,,,,,
p.R132W,R,132,W,missense,18,NP_000762.2:p.R132W,P11712,CYP2C9,,,,,
p.L467P,L,467,P,missense,17,NP_000762.2:p.L467P,P11712,CYP2C9,,,,,
p.G442V,G,442,V,missense,16,NP_000762.2:p.G442V,P11712,CYP2C9,,,,,
p.T299R,T,299,R,missense,16,NP_000762.2:p.T299R,P11712,CYP2C9,,,,,
p.V490F,V,490,F,missense,15,NP_000762.2:p.V490F,P11712,CYP2C9,,,,,
p.I207T,I,207,T,missense,14,NP_000762.2:p.I207T,P11712,CYP2C9,,,,,
p.S280C,S,280,C,missense,14,NP_000762.2:p.S280C,P11712,CYP2C9,,,,,
p.P317S,P,317,S,missense,13,NP_000762.2:p.P317S,P11712,CYP2C9,,,,,
p.D191G,D,191,G,missense,12,NP_000762.2:p.D191G,P11712,CYP2C9,,,,,
p.R125H; p.R125L,R,125,H/L,missense_multi,12,p.R125H; p.R125L,P11712,CYP2C9,,,,,
p.I387V,I,387,V,missense,10,NP_000762.2:p.I387V,P11712,CYP2C9,,,,,
p.L362V,L,362,V,missense,10,NP_000762.2:p.L362V,P11712,CYP2C9,,,,,
p.I222V,I,222,V,missense,9,NP_000762.2:p.I222V,P11712,CYP2C9,,,,,
p.P337T,P,337,T,missense,9,NP_000762.2:p.P337T,P11712,CYP2C9,,,,,
p.N418T,N,418,T,missense,9,NP_000762.2:p.N418T,P11712,CYP2C9,,,,,
p.P163L,P,163,L,missense,8,NP_000762.2:p.P163L,P11712,CYP2C9,,,,,
p.A149V,A,149,V,missense,7,NP_000762.2:p.A149V,P11712,CYP2C9,,,,,
p.R144H,R,144,H,missense,7,NP_000762.2:p.R144H,P11712,CYP2C9,,,,,
p.E326D,E,326,D,missense,7,NP_000762.2:p.E326D,P11712,CYP2C9,,,,,
p.M1V,M,1,V,missense,6,NP_000762.2:p.M1V,P11712,CYP2C9,,,,,
p.I284V,I,284,V,missense,6,NP_000762.2:p.I284V,P11712,CYP2C9,,,,,
p.Q214L,Q,214,L,missense,5,NP_000762.2:p.Q214L,P11712,CYP2C9,,,,,
p.A477T,A,477,T,missense,5,NP_000762.2:p.A477T,P11712,CYP2C9,,,,,
p.P227S,P,227,S,missense,5,NP_000762.2:p.P227S,P11712,CYP2C9,,,,,
p.L361I,L,361,I,missense,5,NP_000762.2:p.L361I,P11712,CYP2C9,,,,,
p.R150H; p.R150L,R,150,H/L,missense_multi,4,p.R150H; p.R150L,P11712,CYP2C9,,,,,
p.D49G,D,49,G,missense,3,NP_000762.2:p.D49G,P11712,CYP2C9,,,,,
p.T130R; p.T130M,T,130,R/M,missense_multi,3,p.T130R; p.T130M,P11712,CYP2C9,,,,,
p.G96A,G,96,A,missense,2,NP_000762.2:p.G96A,P11712,CYP2C9,,,,,
p.I327T,I,327,T,missense,1,NP_000762.2:p.I327T,P11712,CYP2C9,,,,,
p.A149T,A,149,T,missense,1,NP_000762.2:p.A149T,P11712,CYP2C9,,,,,
p.N457S,N,457,S,missense,1,NP_000762.2:p.N457S,P11712,CYP2C9,,,,,
