Variant,Frequency,Has_Real_Score,CADD,REVEL,SpliceAI,Database_Source
p.R125C,63,NO,,,,
p.R433W,48,NO,,,,
p.D397A,41,NO,,,,
p.K273fs(delA),35,NO,,,,
p.R124W,35,NO,,,,
p.G98V,32,NO,,,,
p.R150C,26,NO,,,,
p.F110S,23,NO,,,,
p.K119R,22,NO,,,,
p.N204H,22,NO,,,,
p.R124Q,22,NO,,,,
p.S343R,19,NO,,,,
p.Q214H,19,NO,,,,
p.R132W,18,NO,,,,
p.L467P,17,NO,,,,
p.G442V,16,NO,,,,
p.T299R,16,NO,,,,
p.V490F,15,NO,,,,
p.I207T,14,NO,,,,
p.S280C,14,NO,,,,
p.P317S,13,NO,,,,
p.D191G,12,NO,,,,
p.R125H; p.R125L,12,NO,,,,
p.I387V,10,NO,,,,
p.L362V,10,NO,,,,
p.I222V,9,NO,,,,
p.P337T,9,NO,,,,
p.N418T,9,NO,,,,
p.P163L,8,NO,,,,
p.A149V,7,NO,,,,
p.R144H,7,NO,,,,
p.E326D,7,NO,,,,
p.M1V,6,NO,,,,
p.I284V,6,NO,,,,
p.Q214L,5,NO,,,,
p.A477T,5,NO,,,,
p.P227S,5,NO,,,,
p.L361I,5,NO,,,,
p.R150H; p.R150L,4,NO,,,,
p.D49G,3,NO,,,,
p.T130R; p.T130M,3,NO,,,,
p.G96A,2,NO,,,,
p.I327T,1,NO,,,,
p.A149T,1,NO,,,,
p.N457S,1,NO,,,,
